date,stock_id,Trading_Volume,Trading_money,open,max,min,close,spread,Trading_turnover
2023-01-03,2330,15311364,6871973708,446.0,453.5,443.0,453.0,4.5,22581
2023-01-04,2330,20626874,9310050329,449.5,455.0,448.5,449.5,-3.5,18233
2023-01-05,2330,23972099,10972616269,459.0,459.5,455.0,458.5,9.0,20752
2023-01-06,2330,21313593,9745142549,455.0,459.5,455.0,458.5,0.0,16635
2023-01-09,2330,49186355,23352375299,468.0,481.0,467.5,481.0,22.5,57305
2023-01-10,2330,34785370,16867391241,486.0,487.0,483.0,486.0,5.0,36975
2023-01-11,2330,21749124,10531314878,487.0,488.0,482.0,484.5,-1.5,25457
2023-01-12,2330,22416984,10901640739,487.5,488.0,484.0,486.5,2.0,25780
2023-01-13,2330,81848755,41113175651,507.0,509.0,499.0,500.0,13.5,93121
2023-01-16,2330,38781925,19573968332,506.0,508.0,503.0,505.0,5.0,48051
2023-01-17,2330,29443522,14784661794,504.0,504.0,499.5,503.0,-2.0,27930
2023-01-30,2330,148413161,80057158264,542.0,543.0,534.0,543.0,40.0,153125
2023-01-31,2330,79212272,41736937234,537.0,538.0,521.0,522.0,-21.0,74279
2023-02-01,2330,42539626,22450948467,532.0,533.0,522.0,530.0,8.0,31487
2023-02-02,2330,46523592,25091483557,538.0,542.0,537.0,540.0,10.0,45495
2023-02-03,2330,34156234,18439613447,540.0,542.0,536.0,542.0,2.0,39674
2023-02-06,2330,32208918,17041821849,532.0,533.0,526.0,526.0,-16.0,46279
2023-02-07,2330,24362116,12767910080,524.0,528.0,522.0,523.0,-3.0,28519
2023-02-08,2330,37633169,20247927642,538.0,540.0,534.0,540.0,17.0,43495
2023-02-09,2330,22311345,12026317167,540.0,540.0,536.0,540.0,0.0,19698
2023-02-10,2330,30445088,16545221176,544.0,546.0,541.0,545.0,5.0,40984
2023-02-13,2330,23903151,12921896752,544.0,544.0,538.0,541.0,-4.0,22431
2023-02-14,2330,23855974,12990943260,544.0,546.0,543.0,545.0,4.0,27983
2023-02-15,2330,66068713,34751111404,526.0,532.0,522.0,525.0,-20.0,103433
2023-02-16,2330,33509968,17692691883,528.0,531.0,524.0,528.0,3.0,27033
2023-02-17,2330,29673053,15385668299,524.0,524.0,516.0,518.0,-10.0,55965
2023-02-20,2330,21181235,10928087780,514.0,519.0,511.0,517.0,-1.0,25898
2023-02-21,2330,15097509,7771141142,515.0,517.0,513.0,516.0,-1.0,27200
2023-02-22,2330,26578867,13474662693,506.0,509.0,505.0,507.0,-9.0,47843
2023-02-23,2330,26801677,13846782345,512.0,521.0,510.0,518.0,11.0,26552
2023-02-24,2330,48372303,24932422713,524.0,525.0,511.0,511.0,-7.0,29612
2023-03-01,2330,45971058,23624972884,504.0,522.0,504.0,522.0,11.0,31738
2023-03-02,2330,18017085,9344352321,519.0,520.0,515.0,519.0,-3.0,14320
2023-03-03,2330,24117189,12510608773,524.0,525.0,516.0,516.0,-3.0,22160
2023-03-06,2330,24741125,12883854256,520.0,524.0,517.0,521.0,5.0,20678
2023-03-07,2330,27650283,14465320023,521.0,526.0,519.0,524.0,3.0,20595
2023-03-08,2330,27077587,14091713576,521.0,523.0,518.0,521.0,-3.0,20504
2023-03-09,2330,25639391,13430582677,525.0,526.0,522.0,522.0,1.0,16497
2023-03-10,2330,25572403,13122265260,515.0,516.0,511.0,513.0,-9.0,46216
2023-03-13,2330,22568740,11608973891,513.0,518.0,509.0,516.0,3.0,24150
2023-03-14,2330,26599476,13602260966,511.0,514.0,510.0,510.0,-6.0,24848
2023-03-15,2330,24080361,12350942139,515.0,516.0,510.0,511.0,1.0,21075
2023-03-16,2330,23325664,11809911840,505.0,510.0,504.0,505.0,0.0,33493
2023-03-17,2330,35872881,18538033584,516.0,518.0,513.0,518.0,13.0,21217
2023-03-20,2330,12752221,6542889562,517.0,518.0,510.0,512.0,-6.0,17709
2023-03-21,2330,18519120,9534730452,515.0,517.0,512.0,517.0,5.0,14094
2023-03-22,2330,45681056,24168561556,524.0,533.0,524.0,533.0,16.0,56483
2023-03-23,2330,28614856,15307492846,528.0,539.0,528.0,538.0,5.0,35313
2023-03-24,2330,22963771,12348311773,536.0,539.0,535.0,539.0,1.0,24762
2023-03-27,2330,17170557,9148085033,533.0,536.0,531.0,531.0,-8.0,17484
2023-03-28,2330,18327556,9629323504,525.0,530.0,524.0,525.0,-6.0,20744
2023-03-29,2330,17620195,9329137251,533.0,533.0,525.0,530.0,5.0,15653
2023-03-30,2330,20380650,10894446851,536.0,537.0,531.0,535.0,5.0,18171
2023-03-31,2330,24324776,12997575231,538.0,538.0,532.0,533.0,-2.0,15962
2023-04-06,2330,26706549,14130223516,530.0,531.0,526.0,530.0,-3.0,19144
2023-04-07,2330,11114272,5903807797,535.0,535.0,529.0,531.0,1.0,10285
2023-04-10,2330,8203168,4350907176,533.0,533.0,528.0,529.0,-2.0,11698
2023-04-11,2330,23087326,12101146147,522.0,527.0,522.0,524.0,-5.0,24432
2023-04-12,2330,24772925,12870788209,523.0,524.0,517.0,520.0,-4.0,37158
2023-04-13,2330,27501436,14121978133,515.0,517.0,510.0,510.0,-10.0,64834
2023-04-14,2330,21174653,10936462759,516.0,520.0,513.0,516.0,6.0,19962
2023-04-17,2330,17895837,9264789087,519.0,520.0,514.0,520.0,4.0,17444
2023-04-18,2330,15687059,8097905529,518.0,520.0,514.0,515.0,-5.0,17087
2023-04-19,2330,23209923,11881404238,517.0,518.0,509.0,510.0,-5.0,43281
2023-04-20,2330,21002685,10780268259,512.0,516.0,510.0,513.0,3.0,16627
2023-04-21,2330,25440179,13103618008,520.0,520.0,510.0,511.0,-2.0,22738
2023-04-24,2330,17579661,8903570323,505.0,510.0,504.0,507.0,-4.0,31635
2023-04-25,2330,40916105,20495640143,504.0,505.0,498.0,498.0,-9.0,92009
2023-04-26,2330,33174539,16353670134,498.0,498.5,491.0,491.5,-6.5,58580
2023-04-27,2330,34149043,16816693302,491.0,495.0,489.0,493.5,2.0,47699
2023-04-28,2330,38812949,19433015577,498.5,502.0,498.0,502.0,8.5,23746
2023-05-02,2330,17142380,8572554842,500.0,502.0,496.5,501.0,-1.0,18247
2023-05-03,2330,12694698,6305914905,496.0,498.0,495.0,496.0,-5.0,25658
2023-05-04,2330,13699933,6818128036,497.0,499.5,496.0,498.0,2.0,14801
2023-05-05,2330,7898012,3949232374,500.0,502.0,498.5,500.0,2.0,10944
2023-05-08,2330,11737287,5932968954,509.0,509.0,502.0,504.0,4.0,13709
2023-05-09,2330,18762778,9530653802,507.0,510.0,505.0,510.0,6.0,17452
2023-05-10,2330,19385820,9753130414,508.0,508.0,500.0,503.0,-7.0,26320
2023-05-11,2330,13775130,6894746011,506.0,506.0,498.5,499.0,-4.0,20237
2023-05-12,2330,20746928,10313384387,496.0,500.0,495.0,496.0,-3.0,27989
2023-05-15,2330,15548031,7721867966,497.0,499.5,494.5,495.5,-0.5,16896
2023-05-16,2330,24052785,12131536763,503.0,508.0,500.0,505.0,9.5,22355
2023-05-17,2330,44352410,22870340267,508.0,521.0,506.0,519.0,14.0,52663
2023-05-18,2330,46107848,24437734052,533.0,536.0,526.0,530.0,11.0,50359
2023-05-19,2330,34742592,18476363730,535.0,535.0,529.0,532.0,2.0,39104
2023-05-22,2330,19037508,10100912410,532.0,533.0,529.0,531.0,-1.0,18796
2023-05-23,2330,20126817,10638352410,530.0,531.0,525.0,530.0,-1.0,15826
2023-05-24,2330,22621221,11888325332,527.0,528.0,524.0,525.0,-5.0,16339
2023-05-25,2330,68360924,36976525917,542.0,545.0,537.0,543.0,18.0,80930
2023-05-26,2330,104924623,59322536825,568.0,568.0,563.0,566.0,23.0,131612
2023-05-29,2330,58813792,33454887785,574.0,574.0,564.0,568.0,2.0,52250
2023-05-30,2330,47490594,26861389177,566.0,568.0,563.0,566.0,-2.0,32956
2023-05-31,2330,90675529,50573324515,560.0,562.0,551.0,558.0,-8.0,39679
2023-06-01,2330,25257673,13920836412,550.0,554.0,550.0,551.0,-7.0,25441
2023-06-02,2330,34705102,19460144774,559.0,564.0,557.0,562.0,11.0,30644
2023-06-05,2330,17483804,9730882750,560.0,560.0,555.0,555.0,-7.0,20211
2023-06-06,2330,21562088,12043550635,554.0,562.0,553.0,560.0,5.0,15551
2023-06-07,2330,29091913,16449319451,561.0,568.0,560.0,568.0,8.0,29548
2023-06-08,2330,25250687,14190442437,562.0,568.0,555.0,559.0,-9.0,27238
2023-06-09,2330,19776199,11160654540,561.0,566.0,561.0,565.0,6.0,16713
2023-06-12,2330,28656646,16431644333,574.0,574.0,571.0,574.0,9.0,38130
2023-06-13,2330,62671781,37077358748,593.0,594.0,589.0,593.0,19.0,84903
2023-06-14,2330,25981992,15311616372,590.0,591.0,587.0,590.0,-3.0,28171
2023-06-15,2330,29868798,17618169127,590.0,593.0,587.0,591.0,0.0,28303
2023-06-16,2330,41560389,24417862365,590.0,590.0,584.0,589.0,-2.0,27450
2023-06-19,2330,14883308,8682282040,583.0,585.0,582.0,583.0,-6.0,18979
2023-06-20,2330,17013418,9902274410,579.0,585.0,579.0,583.0,0.0,17658
2023-06-21,2330,23718735,13782152333,582.0,585.0,578.0,581.0,-2.0,25132
2023-06-26,2330,29870090,17192208130,576.0,578.0,574.0,574.0,-7.0,28167
2023-06-27,2330,22447417,12847067878,570.0,575.0,569.0,572.0,-2.0,20736
2023-06-28,2330,18684508,10734873692,579.0,579.0,571.0,574.0,2.0,15939
2023-06-29,2330,18046268,10372330946,578.0,580.0,570.0,573.0,-1.0,17649
2023-06-30,2330,33830922,19401712736,570.0,576.0,568.0,576.0,3.0,20529
2023-07-03,2330,15118041,8743824984,578.0,580.0,576.0,579.0,3.0,15659
2023-07-04,2330,17777363,10361905547,585.0,585.0,580.0,585.0,6.0,18848
2023-07-05,2330,15553503,9060750346,589.0,589.0,579.0,582.0,-3.0,16504
2023-07-06,2330,32069711,18234491768,573.0,574.0,565.0,565.0,-17.0,60108
2023-07-07,2330,19858943,11244712238,565.0,572.0,563.0,565.0,0.0,21855
2023-07-10,2330,18996089,10794393087,567.0,573.0,565.0,565.0,0.0,17792
2023-07-11,2330,18566571,10665245909,574.0,577.0,570.0,577.0,12.0,17795
2023-07-12,2330,16220006,9338600582,574.0,578.0,572.0,578.0,1.0,14426
2023-07-13,2330,26878397,15790086719,587.0,590.0,585.0,585.0,7.0,32540
2023-07-14,2330,24381177,14372679526,589.0,591.0,587.0,591.0,6.0,26789
2023-07-17,2330,14311753,8428551949,588.0,591.0,587.0,591.0,0.0,18226
2023-07-18,2330,22022410,12866196578,587.0,588.0,580.0,581.0,-10.0,31079
2023-07-19,2330,24909638,14517904258,584.0,587.0,579.0,581.0,0.0,20069
2023-07-20,2330,15676734,9102325307,580.0,584.0,578.0,579.0,-2.0,19382
2023-07-21,2330,52275128,29291080481,560.0,563.0,557.0,560.0,-19.0,86810
2023-07-24,2330,27656825,15469188055,557.0,563.0,557.0,558.0,-2.0,30269
2023-07-25,2330,22767807,12899067927,561.0,569.0,561.0,569.0,11.0,21119
2023-07-26,2330,15147698,8586520667,569.0,571.0,563.0,566.0,-3.0,21679
2023-07-27,2330,13004888,7396939592,570.0,570.0,566.0,569.0,3.0,12672
2023-07-28,2330,19009675,10814265557,569.0,573.0,565.0,567.0,-2.0,19313
2023-07-31,2330,28409339,16044638425,575.0,575.0,560.0,565.0,-2.0,28425
2023-08-01,2330,18916866,10711815419,565.0,568.0,564.0,567.0,2.0,13827
2023-08-02,2330,34495766,19394908189,567.0,569.0,558.0,561.0,-6.0,34408
2023-08-04,2330,29320685,16266624892,556.0,560.0,552.0,554.0,-7.0,47739
2023-08-07,2330,15607870,8719529904,558.0,561.0,556.0,558.0,4.0,13239
2023-08-08,2330,21167596,11708530913,558.0,558.0,551.0,552.0,-6.0,33867
2023-08-09,2330,15088059,8355524852,550.0,557.0,550.0,554.0,2.0,14590
2023-08-10,2330,18884431,10418779108,552.0,554.0,550.0,551.0,-3.0,21572
2023-08-11,2330,24816095,13663661565,556.0,558.0,546.0,546.0,-5.0,33682
2023-08-14,2330,24728477,13344853868,540.0,543.0,537.0,541.0,-5.0,44024
2023-08-15,2330,16341396,8859336259,543.0,545.0,540.0,542.0,1.0,20787
2023-08-16,2330,29612963,15981443678,541.0,543.0,536.0,542.0,0.0,44555
2023-08-17,2330,24070209,13048399357,540.0,546.0,537.0,544.0,2.0,18167
2023-08-18,2330,19582982,10591633376,540.0,544.0,539.0,539.0,-5.0,21346
2023-08-21,2330,18313588,9840509268,544.0,544.0,534.0,537.0,-2.0,33922
2023-08-22,2330,14853796,8041168413,544.0,544.0,538.0,541.0,4.0,13606
2023-08-23,2330,21701684,11920663477,546.0,552.0,544.0,552.0,11.0,21521
2023-08-24,2330,24409517,13715472727,563.0,564.0,558.0,564.0,12.0,28550
2023-08-25,2330,25782760,14141567044,549.0,551.0,546.0,546.0,-18.0,42456
2023-08-28,2330,9384631,5166103257,547.0,553.0,547.0,549.0,3.0,11096
2023-08-29,2330,10969386,6035376093,551.0,553.0,546.0,552.0,3.0,11040
2023-08-30,2330,18674649,10396527428,558.0,560.0,554.0,555.0,3.0,14916
2023-08-31,2330,47265347,25978808976,553.0,556.0,548.0,549.0,-6.0,19831
2023-09-01,2330,15194921,8331995536,543.0,553.0,543.0,548.0,-1.0,12739
2023-09-04,2330,9772925,5412329762,549.0,557.0,549.0,557.0,9.0,12158
2023-09-05,2330,14337041,7911531475,553.0,555.0,550.0,552.0,-5.0,13714
2023-09-06,2330,14442757,7972706415,556.0,556.0,550.0,550.0,-2.0,12752
2023-09-07,2330,22610385,12305542681,546.0,548.0,542.0,542.0,-8.0,41564
2023-09-08,2330,16702110,8980038278,535.0,540.0,535.0,539.0,-3.0,36672
2023-09-11,2330,15540773,8348107210,539.0,540.0,536.0,536.0,-3.0,31155
2023-09-12,2330,17135765,9268673682,536.0,545.0,536.0,544.0,8.0,20545
2023-09-13,2330,16836487,9146776791,545.0,548.0,541.0,541.0,-3.0,18111
2023-09-14,2330,18377284,10058129685,544.0,550.0,543.0,550.0,0.0,19037
2023-09-15,2330,44681949,24818735444,549.0,558.0,547.0,558.0,8.0,18023
2023-09-18,2330,40148161,21843932948,548.0,549.0,540.0,540.0,-18.0,58958
2023-09-19,2330,21099739,11374956906,539.0,543.0,538.0,538.0,-2.0,45323
2023-09-20,2330,28098535,15065407249,536.0,538.0,535.0,535.0,-3.0,50355
2023-09-21,2330,35984810,19006048743,530.0,531.0,526.0,527.0,-8.0,96356
2023-09-22,2330,33499481,17519111007,523.0,525.0,522.0,522.0,-5.0,68488
2023-09-25,2330,20583374,10814706278,522.0,529.0,522.0,525.0,3.0,23438
2023-09-26,2330,29064997,15130935931,521.0,524.0,519.0,519.0,-6.0,66748
2023-09-27,2330,18655088,9709749290,517.0,523.0,516.0,522.0,3.0,22249
2023-09-28,2330,28350350,14826254349,523.0,525.0,520.0,523.0,1.0,20589
2023-10-02,2330,26891996,14300676237,530.0,534.0,528.0,533.0,10.0,23151
2023-10-03,2330,17601440,9335110434,528.0,533.0,528.0,529.0,-4.0,17430
2023-10-04,2330,29808729,15519741014,521.0,523.0,519.0,520.0,-9.0,49176
2023-10-05,2330,25749184,13563941939,523.0,529.0,523.0,528.0,8.0,19027
2023-10-06,2330,16160314,8587684448,530.0,533.0,529.0,532.0,4.0,14047
2023-10-11,2330,61670562,33477968593,542.0,544.0,540.0,544.0,12.0,43385
2023-10-12,2330,36350241,19916786786,545.0,550.0,544.0,550.0,6.0,35333
2023-10-13,2330,34704924,19128100250,550.0,554.0,548.0,553.0,3.0,31159
2023-10-16,2330,21867048,11909042136,546.0,547.0,542.0,545.0,-8.0,21225
2023-10-17,2330,19462529,10712565922,550.0,552.0,548.0,551.0,6.0,19538
2023-10-18,2330,28848123,15664232734,549.0,549.0,540.0,540.0,-11.0,27159
2023-10-19,2330,26999255,14717458172,540.0,548.0,540.0,546.0,6.0,18309
2023-10-20,2330,49143932,27116129760,549.0,556.0,546.0,556.0,10.0,41402
2023-10-23,2330,24172637,13193058890,552.0,553.0,543.0,544.0,-12.0,23393
2023-10-24,2330,15761516,8562488660,543.0,546.0,540.0,544.0,0.0,15637
2023-10-25,2330,17137199,9371422161,544.0,551.0,544.0,544.0,0.0,12233
2023-10-26,2330,31682955,16851704175,530.0,535.0,530.0,531.0,-13.0,45750
2023-10-27,2330,17050787,9094404470,534.0,536.0,532.0,533.0,2.0,14773
2023-10-30,2330,23299422,12374705789,531.0,534.0,528.0,532.0,-1.0,24536
2023-10-31,2330,28073280,14873552534,535.0,535.0,527.0,529.0,-3.0,32067
2023-11-01,2330,14028881,7432561094,533.0,533.0,527.0,528.0,-1.0,15452
2023-11-02,2330,31075778,16846430251,536.0,547.0,535.0,547.0,19.0,32075
2023-11-03,2330,16673456,9129495705,547.0,549.0,545.0,549.0,2.0,17911
2023-11-06,2330,31297186,17321453879,553.0,556.0,550.0,550.0,1.0,32684
2023-11-07,2330,16990175,9406486499,552.0,555.0,550.0,555.0,5.0,15356
2023-11-08,2330,16780331,9308096586,550.0,557.0,550.0,556.0,1.0,17845
2023-11-09,2330,13649525,7577883144,551.0,557.0,551.0,557.0,1.0,12731
2023-11-10,2330,14105575,7841514218,555.0,557.0,554.0,557.0,0.0,15342
2023-11-13,2330,46556047,26712320428,579.0,580.0,571.0,571.0,14.0,51281
2023-11-14,2330,25366980,14553766501,576.0,576.0,571.0,572.0,1.0,29653
2023-11-15,2330,53122455,30807985243,583.0,583.0,575.0,581.0,9.0,56108
2023-11-16,2330,31059487,18056972159,581.0,583.0,578.0,583.0,2.0,25771
2023-11-17,2330,22878229,13295351545,579.0,583.0,579.0,580.0,-3.0,22517
2023-11-20,2330,26606128,15343389700,576.0,579.0,575.0,577.0,-3.0,21159
2023-11-21,2330,39880714,23286785359,582.0,585.0,581.0,585.0,8.0,35442
2023-11-22,2330,23922047,13783944507,576.0,579.0,574.0,577.0,-8.0,31701
2023-11-23,2330,15143501,8714906968,574.0,578.0,574.0,578.0,1.0,15621
2023-11-24,2330,12503334,7192811445,577.0,578.0,574.0,575.0,-3.0,12961
2023-11-27,2330,20321872,11598721713,573.0,577.0,568.0,568.0,-7.0,28620
2023-11-28,2330,26932029,15393289150,565.0,576.0,565.0,575.0,7.0,17693
2023-11-29,2330,27786565,15937354487,578.0,579.0,570.0,574.0,-1.0,23135
2023-11-30,2330,54365027,31284297816,576.0,577.0,570.0,577.0,3.0,18807
2023-12-01,2330,28797795,16600169332,573.0,579.0,573.0,579.0,2.0,18507
2023-12-04,2330,29424299,16917950637,582.0,582.0,571.0,574.0,-5.0,23004
2023-12-05,2330,27355530,15570195609,571.0,572.0,567.0,570.0,-4.0,26933
2023-12-06,2330,23116422,13197098680,568.0,575.0,568.0,570.0,0.0,15802
2023-12-07,2330,24259384,13786125780,570.0,573.0,566.0,566.0,-4.0,26821
2023-12-08,2330,39243978,22520643109,574.0,577.0,570.0,570.0,4.0,23505
2023-12-11,2330,29204446,16730528425,572.0,575.0,570.0,574.0,4.0,19353
2023-12-12,2330,32856787,19003744361,580.0,581.0,575.0,578.0,4.0,22572
2023-12-13,2330,24327758,14033215240,576.0,579.0,576.0,577.0,-1.0,18524
2023-12-14,2330,40580966,23556973793,581.0,582.0,579.0,582.0,0.0,33409
2023-12-15,2330,58693166,34304458160,585.0,586.0,580.0,585.0,3.0,35791
2023-12-18,2330,26938728,15672718097,579.0,585.0,577.0,585.0,0.0,22094
2023-12-19,2330,30591879,17885392353,588.0,588.0,580.0,585.0,0.0,21981
2023-12-20,2330,38628249,22578626040,587.0,587.0,583.0,585.0,0.0,25685
2023-12-21,2330,26007263,14995966443,577.0,579.0,575.0,577.0,-8.0,33077
2023-12-22,2330,19328302,11226845287,582.0,582.0,579.0,582.0,5.0,14330
2023-12-25,2330,9994163,5820235840,582.0,585.0,580.0,581.0,-1.0,12786
2023-12-26,2330,17033926,9963615754,583.0,586.0,582.0,586.0,5.0,22883
2023-12-27,2330,34750958,20491144772,587.0,592.0,586.0,592.0,6.0,37372
2023-12-28,2330,27152352,16064106365,592.0,593.0,589.0,593.0,1.0,26497
2023-12-29,2330,20155619,11931171966,589.0,593.0,589.0,593.0,0.0,20081
2024-01-02,2330,27997826,16549619798,590.0,593.0,589.0,593.0,0.0,20667
2024-01-03,2330,40134497,23267025945,584.0,585.0,576.0,578.0,-15.0,56916
2024-01-04,2330,18063758,10466284102,580.0,581.0,577.0,580.0,2.0,15010
2024-01-05,2330,22008878,12685460114,578.0,580.0,574.0,576.0,-4.0,28660
2024-01-08,2330,19270119,11232942053,582.0,585.0,579.0,583.0,7.0,19950
2024-01-09,2330,23718766,13909252422,588.0,589.0,583.0,586.0,3.0,23975
2024-01-10,2330,13708117,8006229126,581.0,586.0,580.0,584.0,-2.0,16104
2024-01-11,2330,27842729,16323168586,586.0,589.0,583.0,586.0,2.0,20754
2024-01-12,2330,17636558,10304253419,581.0,588.0,581.0,584.0,-2.0,15765
2024-01-15,2330,21900687,12873769022,590.0,590.0,585.0,586.0,2.0,21886
2024-01-16,2330,28889681,16817280777,581.0,588.0,579.0,580.0,-6.0,21938
2024-01-17,2330,46857735,27229863028,583.0,584.0,578.0,581.0,1.0,28790
2024-01-18,2330,36746623,21575062923,586.0,589.0,585.0,588.0,7.0,28621
2024-01-19,2330,176166037,109423769320,625.0,627.0,614.0,626.0,38.0,207364
2024-01-22,2330,70829523,44436449501,633.0,633.0,623.0,626.0,0.0,56376
2024-01-23,2330,45761889,28681559251,629.0,629.0,622.0,628.0,2.0,34729
2024-01-24,2330,29905121,18779693566,628.0,630.0,624.0,627.0,-1.0,27062
2024-01-25,2330,59214638,37803501446,635.0,642.0,633.0,642.0,15.0,85006
2024-01-26,2330,44103850,28392638215,644.0,646.0,639.0,644.0,2.0,41691
2024-01-29,2330,29828008,19268444564,646.0,648.0,644.0,648.0,4.0,32347
2024-01-30,2330,40398877,26028211247,642.0,647.0,642.0,642.0,-6.0,35002
2024-01-31,2330,47554701,29978630024,634.0,637.0,626.0,628.0,-14.0,61811
2024-02-01,2330,46924943,29237425981,625.0,628.0,619.0,628.0,0.0,51671
2024-02-02,2330,27797894,17563853315,633.0,635.0,628.0,635.0,7.0,22257
2024-02-05,2330,48037344,30931242935,645.0,647.0,638.0,646.0,11.0,51065
2024-02-15,2330,132263803,92592826951,709.0,709.0,693.0,697.0,51.0,130374
2024-02-16,2330,48963167,33742716965,697.0,699.0,683.0,683.0,-14.0,56882
2024-02-19,2330,36366837,24665534552,674.0,682.0,674.0,678.0,-5.0,35240
2024-02-20,2330,31403730,21494427969,675.0,688.0,675.0,687.0,9.0,32847
2024-02-21,2330,31980543,21748906940,678.0,683.0,678.0,681.0,-6.0,36004
2024-02-22,2330,34269392,23664176835,695.0,695.0,685.0,692.0,11.0,36998
2024-02-23,2330,48404478,33847447281,701.0,703.0,696.0,697.0,5.0,48018
2024-02-26,2330,29976379,20917136411,700.0,700.0,695.0,698.0,1.0,25850
2024-02-27,2330,35389548,24647159479,700.0,701.0,691.0,698.0,0.0,31145
2024-02-29,2330,59337072,40973093720,691.0,698.0,688.0,690.0,-8.0,39066
2024-03-01,2330,24167721,16699995060,697.0,697.0,688.0,689.0,-1.0,26282
2024-03-04,2330,97210112,69868348694,714.0,725.0,711.0,725.0,36.0,125799
2024-03-05,2330,73299411,53751887376,735.0,738.0,728.0,730.0,5.0,69851
2024-03-06,2330,52464833,38203868985,718.0,738.0,717.0,735.0,5.0,49897
2024-03-07,2330,80382406,61221034146,755.0,769.0,754.0,760.0,25.0,96348
2024-03-08,2330,98069174,77295575097,795.0,796.0,772.0,784.0,24.0,110758
2024-03-11,2330,73436931,56348050108,768.0,778.0,761.0,766.0,-18.0,107368
2024-03-12,2330,63336798,48288411581,757.0,771.0,754.0,770.0,4.0,56154
2024-03-13,2330,43130896,33672441212,785.0,785.0,777.0,779.0,9.0,37744
2024-03-14,2330,48964017,38196293503,779.0,785.0,770.0,784.0,5.0,35137
2024-03-15,2330,80580846,61451780435,771.0,777.0,753.0,753.0,-31.0,95014
2024-03-18,2330,46006400,34967084535,754.0,765.0,754.0,764.0,0.0,40073
2024-03-19,2330,32078900,24399917859,758.0,765.0,755.0,762.0,-2.0,31208
2024-03-20,2330,48788389,37117091830,764.0,769.0,752.0,758.0,-4.0,46702
2024-03-21,2330,47759094,37203673872,773.0,784.0,772.0,784.0,26.0,48467
2024-03-22,2330,32629749,25521571701,788.0,789.0,775.0,785.0,1.0,33054
2024-03-25,2330,21223414,16612693369,783.0,788.0,779.0,780.0,-5.0,24794
2024-03-26,2330,43103294,33847261033,788.0,792.0,776.0,782.0,2.0,35046
2024-03-27,2330,19732209,15418346943,785.0,785.0,779.0,779.0,-3.0,21006
2024-03-28,2330,28393398,21889883699,774.0,776.0,768.0,769.0,-10.0,39848
2024-03-29,2330,20212820,15682908766,769.0,781.0,768.0,779.0,10.0,18110
2024-04-01,2330,22348250,17301753062,783.0,783.0,769.0,770.0,-9.0,28192
2024-04-02,2330,42219075,33230356267,784.0,790.0,783.0,790.0,20.0,41138
2024-04-03,2330,32909892,25719094412,783.0,785.0,778.0,780.0,-10.0,36003
2024-04-08,2330,40567580,31925988285,789.0,792.0,783.0,783.0,3.0,29304
2024-04-09,2330,61642573,49946542596,795.0,820.0,792.0,819.0,36.0,89138
2024-04-10,2330,31109466,25358780514,815.0,819.0,810.0,815.0,-4.0,39131
2024-04-11,2330,27772972,22655121636,811.0,820.0,811.0,820.0,5.0,34739
2024-04-12,2330,32473155,26663806808,823.0,826.0,817.0,818.0,-2.0,38091
2024-04-15,2330,41251141,33300372097,804.0,812.0,803.0,806.0,-12.0,60451
2024-04-16,2330,54120813,42833069476,802.0,803.0,785.0,788.0,-18.0,127956
2024-04-17,2330,36616351,29324186091,798.0,808.0,793.0,804.0,16.0,43890
2024-04-18,2330,45765617,36684269610,796.0,810.0,792.0,804.0,0.0,46571
2024-04-19,2330,143868560,109032970933,769.0,770.0,746.0,750.0,-54.0,356590
2024-04-22,2330,52354944,39093628250,740.0,757.0,740.0,742.0,-8.0,103120
2024-04-23,2330,32067682,24247217869,761.0,761.0,752.0,754.0,12.0,34807
2024-04-24,2330,41652749,32458429294,770.0,785.0,769.0,783.0,29.0,58442
2024-04-25,2330,30492037,23412746667,770.0,774.0,765.0,766.0,-17.0,64220
2024-04-26,2330,34721905,27272338208,788.0,789.0,782.0,782.0,16.0,42824
2024-04-29,2330,30704200,24322394064,790.0,795.0,787.0,795.0,13.0,35585
2024-04-30,2330,41627249,33118845170,797.0,802.0,790.0,790.0,-5.0,40926
2024-05-02,2330,47536363,36983047647,789.0,789.0,772.0,772.0,-18.0,85051
2024-05-03,2330,31026748,24240817990,788.0,788.0,773.0,780.0,8.0,35153
2024-05-06,2330,33733509,26644713164,791.0,793.0,786.0,786.0,6.0,32394
2024-05-07,2330,35917824,28623349239,797.0,800.0,792.0,800.0,14.0,38340
2024-05-08,2330,22585765,18032263877,794.0,802.0,792.0,802.0,2.0,23525
2024-05-09,2330,22863681,18267303103,798.0,802.0,796.0,796.0,-6.0,23671
2024-05-10,2330,27560431,22107595449,803.0,807.0,798.0,802.0,6.0,41029
2024-05-13,2330,38146948,31315059679,823.0,825.0,818.0,819.0,17.0,49327
2024-05-14,2330,29663617,24309306615,816.0,825.0,811.0,825.0,6.0,34685
2024-05-15,2330,41805778,35112739055,838.0,844.0,837.0,839.0,14.0,57892
2024-05-16,2330,46276890,39179826883,852.0,856.0,837.0,841.0,2.0,60617
2024-05-17,2330,27855719,23373478247,848.0,848.0,834.0,835.0,-6.0,38718
2024-05-20,2330,30148330,25069342221,834.0,838.0,822.0,835.0,0.0,43094
2024-05-21,2330,20548110,17214095315,830.0,841.0,830.0,841.0,6.0,20770
2024-05-22,2330,40904357,35027824713,845.0,865.0,843.0,864.0,23.0,63360
2024-05-23,2330,40771207,35638205695,875.0,877.0,867.0,875.0,11.0,50325
2024-05-24,2330,37353467,32358555678,858.0,872.0,858.0,867.0,-8.0,50611
2024-05-27,2330,32691921,28496096179,872.0,878.0,866.0,869.0,2.0,42682
2024-05-28,2330,32712504,28375286215,867.0,873.0,865.0,865.0,-4.0,37323
2024-05-29,2330,51073346,43924367680,861.0,868.0,856.0,857.0,-8.0,67680
2024-05-30,2330,42535118,35840589611,841.0,848.0,838.0,838.0,-19.0,110390
2024-05-31,2330,90177283,74602358441,838.0,846.0,821.0,821.0,-17.0,102070
2024-06-03,2330,29629706,25053781742,839.0,853.0,837.0,846.0,25.0,40694
2024-06-04,2330,31031104,26107162214,844.0,851.0,837.0,839.0,-7.0,52392
2024-06-05,2330,37531781,31774150536,841.0,857.0,835.0,854.0,15.0,41869
2024-06-06,2330,67300344,60138015941,893.0,899.0,885.0,894.0,40.0,112332
2024-06-07,2330,44489018,39240336617,885.0,888.0,879.0,879.0,-15.0,85990
2024-06-11,2330,57435637,51091497348,892.0,895.0,883.0,883.0,4.0,47589
2024-06-12,2330,51874967,46791431521,888.0,914.0,888.0,909.0,26.0,74526
2024-06-13,2330,59656092,54980784829,923.0,935.0,911.0,919.0,0.0,98777
2024-06-14,2330,43289572,39603293460,916.0,922.0,905.0,922.0,3.0,62552
2024-06-17,2330,28796529,26475733502,913.0,925.0,913.0,921.0,-1.0,44582
2024-06-18,2330,40870419,38583515635,944.0,950.0,940.0,943.0,22.0,55791
2024-06-19,2330,76684138,74395758883,953.0,984.0,953.0,981.0,38.0,117235
2024-06-20,2330,52144900,50859632569,971.0,981.0,971.0,981.0,0.0,107978
2024-06-21,2330,97995843,94882220706,961.0,978.0,960.0,970.0,-11.0,131503
2024-06-24,2330,74081708,70162177693,958.0,960.0,940.0,940.0,-30.0,227255
2024-06-25,2330,62079701,57978440842,925.0,945.0,923.0,945.0,5.0,103844
2024-06-26,2330,48821135,46668874056,951.0,960.0,951.0,960.0,15.0,56563
2024-06-27,2330,41276086,39447006518,951.0,961.0,949.0,960.0,0.0,41133
2024-06-28,2330,42998776,41476565443,956.0,971.0,955.0,966.0,6.0,42853
2024-07-01,2330,20936005,20320957284,968.0,977.0,965.0,968.0,2.0,38293
2024-07-02,2330,27992930,26971516491,967.0,971.0,959.0,960.0,-8.0,38928
2024-07-03,2330,25022531,24386705873,976.0,979.0,967.0,979.0,19.0,36096
2024-07-04,2330,47251502,47347126144,1000.0,1010.0,997.0,1005.0,26.0,92002
2024-07-05,2330,21735614,21827958195,1005.0,1010.0,1000.0,1005.0,0.0,35802
2024-07-08,2330,45678332,47210175550,1005.0,1050.0,1000.0,1035.0,30.0,74909
2024-07-09,2330,54339957,56382512235,1030.0,1055.0,1025.0,1040.0,5.0,74954
2024-07-10,2330,51810372,53308027550,1020.0,1050.0,1015.0,1045.0,5.0,61199
2024-07-11,2330,49304453,52782475514,1065.0,1080.0,1055.0,1080.0,35.0,65005
2024-07-12,2330,79472761,82222185037,1030.0,1045.0,1025.0,1040.0,-40.0,175230
2024-07-15,2330,44123104,45805242410,1040.0,1045.0,1025.0,1040.0,0.0,51387
2024-07-16,2330,36244442,38188299315,1040.0,1070.0,1035.0,1055.0,15.0,42202
2024-07-17,2330,62390596,64372740657,1035.0,1045.0,1020.0,1030.0,-25.0,140918
2024-07-18,2330,94327431,93948039256,988.0,1005.0,986.0,1005.0,-25.0,305207
2024-07-19,2330,110541544,108678133437,988.0,995.0,970.0,970.0,-35.0,475484
2024-07-22,2330,90266550,85567920175,964.0,965.0,938.0,939.0,-31.0,307235
2024-07-23,2330,53439290,51686291065,963.0,979.0,956.0,979.0,40.0,96981
2024-07-26,2330,95625050,88299582909,915.0,930.0,915.0,924.0,-55.0,357707
2024-07-29,2330,44000914,41481319942,942.0,948.0,936.0,944.0,20.0,78605
2024-07-30,2330,45996400,42988422577,930.0,949.0,926.0,940.0,-4.0,86139
2024-07-31,2330,47407263,44270020990,929.0,940.0,928.0,934.0,-6.0,62829
2024-08-01,2330,50257642,48211390158,969.0,969.0,948.0,960.0,26.0,66845
2024-08-02,2330,89044852,81488499047,918.0,928.0,903.0,903.0,-57.0,451562
2024-08-05,2330,159662795,133482646539,852.0,857.0,813.0,815.0,-88.0,588373
2024-08-06,2330,108521787,94271532567,868.0,895.0,840.0,880.0,65.0,189677
2024-08-07,2330,62643163,56900026373,901.0,920.0,893.0,920.0,40.0,109333
2024-08-08,2330,41288222,37045507217,901.0,905.0,887.0,896.0,-24.0,107303
2024-08-09,2330,54464183,50586946042,927.0,934.0,922.0,934.0,38.0,94661
2024-08-12,2330,40968742,38572439136,942.0,948.0,931.0,940.0,6.0,73731
2024-08-13,2330,26831364,25227760336,945.0,945.0,937.0,941.0,1.0,39633
2024-08-14,2330,40527779,38507151446,951.0,955.0,945.0,948.0,7.0,56190
2024-08-15,2330,21714163,20528538286,945.0,950.0,941.0,943.0,-5.0,42553
2024-08-16,2330,49830670,48022581452,963.0,969.0,958.0,969.0,26.0,86023
2024-08-19,2330,22416274,21737948903,969.0,975.0,964.0,973.0,4.0,43467
2024-08-20,2330,26420625,25701355510,977.0,977.0,968.0,973.0,0.0,43667
2024-08-21,2330,32606816,31287150192,961.0,964.0,956.0,958.0,-15.0,83432
2024-08-22,2330,25850379,24661701935,958.0,964.0,948.0,951.0,-7.0,58791
2024-08-23,2330,31203321,29530574857,944.0,952.0,939.0,949.0,-2.0,57023
2024-08-26,2330,26518126,25271527066,957.0,961.0,945.0,950.0,1.0,50970
2024-08-27,2330,19969925,18819208932,945.0,946.0,940.0,942.0,-8.0,53273
2024-08-28,2330,33519083,31994192847,945.0,964.0,943.0,964.0,22.0,45785
2024-08-29,2330,46275772,43616354135,942.0,947.0,937.0,943.0,-21.0,103424
2024-08-30,2330,75533393,71355905880,944.0,952.0,941.0,944.0,1.0,34366
2024-09-02,2330,19272593,18270058260,950.0,955.0,943.0,948.0,4.0,31642
2024-09-03,2330,23205623,21908471541,948.0,952.0,939.0,940.0,-8.0,47139
2024-09-04,2330,93169835,83424133824,894.0,905.0,888.0,889.0,-51.0,393210
2024-09-05,2330,34147890,30998595394,907.0,915.0,900.0,902.0,13.0,63902
2024-09-06,2330,28248063,25786016936,909.0,918.0,903.0,918.0,16.0,38415
2024-09-09,2330,38448946,34456838126,892.0,900.0,891.0,899.0,-19.0,102365
2024-09-10,2330,34312646,31067424234,907.0,911.0,901.0,904.0,5.0,45141
2024-09-11,2330,19513256,17621000956,906.0,906.0,900.0,901.0,-3.0,30789
2024-09-12,2330,43749260,40999951508,936.0,944.0,928.0,940.0,0.0,80643
2024-09-13,2330,28307441,26795862243,955.0,955.0,939.0,947.0,7.0,39071
2024-09-16,2330,14456888,13692259575,952.0,952.0,943.0,947.0,0.0,26421
2024-09-18,2330,30094662,28303054525,945.0,948.0,933.0,941.0,-6.0,46622
2024-09-19,2330,35254383,33482773635,940.0,960.0,936.0,960.0,19.0,53494
2024-09-20,2330,66762167,65105344444,981.0,982.0,971.0,973.0,13.0,67911
2024-09-23,2330,15399658,15013916758,971.0,977.0,971.0,977.0,4.0,26106
2024-09-24,2330,29324170,28726805585,976.0,987.0,971.0,987.0,10.0,63433
2024-09-25,2330,43039991,43053012337,1000.0,1005.0,998.0,1005.0,18.0,82005
2024-09-26,2330,43341810,43835515361,1010.0,1015.0,1005.0,1015.0,10.0,78670
2024-09-27,2330,37665070,38074974690,1020.0,1025.0,1000.0,1000.0,-15.0,52093
2024-09-30,2330,66874949,65017701862,978.0,990.0,957.0,957.0,-43.0,166934
2024-10-01,2330,27877267,27093881327,967.0,977.0,967.0,972.0,15.0,37862
2024-10-04,2330,43765757,42845984122,986.0,986.0,967.0,977.0,5.0,43935
2024-10-07,2330,43850831,43905376215,993.0,1010.0,989.0,1005.0,28.0,79851
2024-10-08,2330,35344059,35503172585,1000.0,1010.0,997.0,1010.0,5.0,42227
2024-10-09,2330,53208610,54663169800,1030.0,1035.0,1020.0,1020.0,10.0,80835
2024-10-11,2330,47776351,49706577415,1025.0,1050.0,1020.0,1045.0,25.0,89915
2024-10-14,2330,39906157,41745442865,1045.0,1055.0,1035.0,1045.0,0.0,49228
2024-10-15,2330,52066470,55504081569,1050.0,1075.0,1050.0,1070.0,25.0,88895
2024-10-16,2330,60312846,63228552464,1040.0,1070.0,1035.0,1045.0,-25.0,69585
2024-10-17,2330,56618332,58862054838,1050.0,1055.0,1030.0,1035.0,-10.0,58589
2024-10-18,2330,91036335,99230303460,1095.0,1100.0,1075.0,1085.0,50.0,132797
2024-10-21,2330,42094031,45813114865,1090.0,1095.0,1080.0,1085.0,0.0,43553
2024-10-22,2330,43740591,46707090730,1065.0,1075.0,1060.0,1075.0,-10.0,56089
2024-10-23,2330,32895421,34912308143,1060.0,1070.0,1055.0,1060.0,-15.0,40549
2024-10-24,2330,40791484,43477824029,1070.0,1075.0,1055.0,1060.0,0.0,42113
2024-10-25,2330,23347890,24867260319,1065.0,1070.0,1060.0,1065.0,5.0,25884
2024-10-28,2330,41665065,44216316045,1075.0,1080.0,1050.0,1050.0,-15.0,55098
2024-10-29,2330,48097705,49680152085,1035.0,1040.0,1020.0,1040.0,-10.0,93617
2024-10-30,2330,40765247,42368799669,1040.0,1055.0,1030.0,1030.0,-10.0,46750
2024-11-01,2330,61545741,62269386415,996.0,1030.0,996.0,1025.0,-5.0,77404
2024-11-04,2330,28225506,29263376605,1030.0,1045.0,1025.0,1040.0,15.0,33492
2024-11-05,2330,33407780,34851674542,1030.0,1055.0,1030.0,1050.0,10.0,28872
2024-11-06,2330,59404980,63110184620,1050.0,1080.0,1040.0,1060.0,10.0,58611
2024-11-07,2330,46030563,48979606039,1050.0,1075.0,1050.0,1065.0,5.0,41583
2024-11-08,2330,38840413,42224017162,1085.0,1090.0,1080.0,1090.0,25.0,58203
2024-11-11,2330,36630666,39467913757,1080.0,1090.0,1070.0,1085.0,-5.0,48859
2024-11-12,2330,54098799,57135037210,1060.0,1065.0,1050.0,1050.0,-35.0,92756
2024-11-13,2330,46420969,48395649023,1045.0,1050.0,1035.0,1035.0,-15.0,75428
2024-11-14,2330,49328914,50864201443,1030.0,1040.0,1025.0,1035.0,0.0,62545
2024-11-15,2330,37405855,38824519360,1040.0,1045.0,1030.0,1035.0,0.0,38669
2024-11-18,2330,33583180,34422999050,1030.0,1035.0,1020.0,1025.0,-10.0,56311
2024-11-19,2330,25497606,26433399155,1030.0,1045.0,1025.0,1040.0,15.0,26315
2024-11-20,2330,40203197,41541948790,1045.0,1050.0,1020.0,1025.0,-15.0,53280
2024-11-21,2330,44679981,45374625920,1020.0,1025.0,1010.0,1010.0,-15.0,67481
2024-11-22,2330,32509453,33754431973,1035.0,1050.0,1035.0,1040.0,30.0,28859
2024-11-25,2330,54443912,56293841760,1045.0,1050.0,1030.0,1030.0,-10.0,34710
2024-11-26,2330,31309332,31750783325,1015.0,1020.0,1010.0,1010.0,-20.0,79568
2024-11-27,2330,34602143,34822499480,1010.0,1020.0,1000.0,1000.0,-10.0,111382
2024-11-28,2330,37166049,37181706464,1005.0,1005.0,992.0,1005.0,5.0,82426
2024-11-29,2330,43621329,43637043385,995.0,1010.0,994.0,996.0,-9.0,47567
2024-12-02,2330,33333423,34325585125,1020.0,1040.0,1015.0,1035.0,39.0,42112
2024-12-03,2330,48632084,51509603939,1060.0,1065.0,1055.0,1055.0,20.0,55988
2024-12-04,2330,35431584,37738286825,1065.0,1070.0,1055.0,1070.0,15.0,45553
2024-12-05,2330,41293183,44420331699,1070.0,1080.0,1070.0,1075.0,5.0,51311
2024-12-06,2330,32090124,34306935479,1075.0,1080.0,1060.0,1065.0,-10.0,33697
2024-12-09,2330,30255281,32409791931,1070.0,1075.0,1065.0,1075.0,10.0,25230
2024-12-10,2330,32359253,34496134808,1070.0,1075.0,1060.0,1065.0,-10.0,31326
2024-12-11,2330,26948940,28278772503,1045.0,1060.0,1045.0,1045.0,-20.0,47194
2024-12-12,2330,26574460,28185087817,1060.0,1065.0,1055.0,1060.0,0.0,25096
2024-12-13,2330,24329785,25873117992,1060.0,1070.0,1055.0,1065.0,5.0,25787
2024-12-16,2330,43679921,47253709874,1085.0,1085.0,1075.0,1085.0,20.0,53568
2024-12-17,2330,40033595,43428037809,1090.0,1095.0,1075.0,1075.0,-10.0,42830
2024-12-18,2330,47331164,51170937776,1075.0,1090.0,1070.0,1085.0,10.0,40248
2024-12-19,2330,46126529,49061396399,1065.0,1070.0,1055.0,1070.0,-15.0,62146
2024-12-20,2330,56392109,58923043065,1060.0,1060.0,1035.0,1035.0,-35.0,85875
2024-12-23,2330,32800319,35200907996,1065.0,1080.0,1060.0,1080.0,45.0,39942
2024-12-24,2330,30069757,32689957470,1095.0,1095.0,1080.0,1080.0,0.0,36423
2024-12-25,2330,16186220,17591123835,1090.0,1090.0,1080.0,1085.0,5.0,28032
2024-12-26,2330,15017636,16328335510,1085.0,1090.0,1085.0,1085.0,0.0,23380
2024-12-27,2330,26151993,28531251520,1080.0,1095.0,1080.0,1090.0,5.0,40184
2024-12-30,2330,27437455,29944447716,1090.0,1095.0,1085.0,1090.0,0.0,28373
2024-12-31,2330,29239004,31511634720,1080.0,1085.0,1075.0,1075.0,-15.0,32969
2025-01-02,2330,45045125,47883206644,1070.0,1075.0,1055.0,1065.0,-10.0,74997
2025-01-03,2330,31244211,33728652860,1080.0,1085.0,1075.0,1075.0,10.0,28227
2025-01-06,2330,77874801,86585128825,1100.0,1125.0,1095.0,1125.0,50.0,130021
2025-01-07,2330,54691485,62664127156,1150.0,1160.0,1130.0,1130.0,5.0,70657
2025-01-08,2330,49181518,54760296689,1110.0,1130.0,1105.0,1105.0,-25.0,71736
2025-01-09,2330,29916198,33052210793,1100.0,1115.0,1100.0,1100.0,-5.0,51544
2025-01-10,2330,24475751,26996697889,1100.0,1110.0,1100.0,1100.0,0.0,38027
2025-01-13,2330,62629547,68093421797,1110.0,1115.0,1070.0,1075.0,-25.0,118516
2025-01-14,2330,31280235,33915048410,1085.0,1090.0,1075.0,1090.0,15.0,32218
2025-01-15,2330,37966582,40677529813,1085.0,1085.0,1065.0,1065.0,-25.0,74906
2025-01-16,2330,49872673,54934128041,1095.0,1115.0,1090.0,1105.0,40.0,54389
2025-01-17,2330,60857371,67663576840,1125.0,1125.0,1095.0,1120.0,15.0,48829
2025-01-20,2330,32062171,36076248367,1125.0,1135.0,1120.0,1120.0,0.0,37780
2025-01-21,2330,24368832,27256307475,1115.0,1125.0,1110.0,1120.0,0.0,28262
2025-01-22,2330,45996696,52510666410,1140.0,1150.0,1135.0,1135.0,15.0,59434
2025-02-03,2330,113031525,120769676393,1065.0,1075.0,1060.0,1070.0,-65.0,247531
2025-02-04,2330,57904652,63132252012,1085.0,1100.0,1080.0,1095.0,25.0,59315
2025-02-05,2330,43082532,47931709801,1110.0,1120.0,1105.0,1110.0,15.0,51245
2025-02-06,2330,33768196,37638807097,1120.0,1120.0,1105.0,1115.0,5.0,32994
2025-02-07,2330,31107545,34745052940,1110.0,1125.0,1105.0,1125.0,10.0,35637
2025-02-10,2330,31037109,34425517969,1125.0,1125.0,1095.0,1105.0,-20.0,60839
2025-02-11,2330,21023057,23294288731,1110.0,1115.0,1100.0,1110.0,5.0,31837
2025-02-12,2330,26190392,28966591975,1110.0,1115.0,1100.0,1100.0,-10.0,38511
2025-02-13,2330,35681521,38806197999,1090.0,1095.0,1080.0,1090.0,-10.0,72456
2025-02-14,2330,73417323,78100130074,1065.0,1070.0,1060.0,1060.0,-30.0,218986
2025-02-17,2330,37215861,40057489554,1065.0,1085.0,1065.0,1085.0,25.0,57081
2025-02-18,2330,24018940,26204727000,1085.0,1100.0,1080.0,1100.0,15.0,30650
2025-02-19,2330,28756849,31328641002,1090.0,1095.0,1085.0,1090.0,-10.0,33952
2025-02-20,2330,31108197,33537160793,1080.0,1085.0,1070.0,1080.0,-10.0,43395
2025-02-21,2330,31480715,34322859039,1085.0,1095.0,1080.0,1095.0,15.0,29895
2025-02-24,2330,33837606,36461265148,1080.0,1085.0,1075.0,1075.0,-20.0,47924
2025-02-25,2330,53174277,56084293935,1055.0,1060.0,1050.0,1055.0,-20.0,178967
2025-02-26,2330,42921499,45208281264,1045.0,1060.0,1045.0,1060.0,5.0,75535
2025-02-27,2330,61646900,64595715596,1065.0,1065.0,1040.0,1040.0,-20.0,121377
2025-03-03,2330,73279419,74076141634,1000.0,1020.0,1000.0,1020.0,-20.0,208673
2025-03-04,2330,70879417,71031410815,996.0,1010.0,996.0,1000.0,-20.0,184239
2025-03-05,2330,45086222,46126315408,1020.0,1030.0,1015.0,1020.0,20.0,63259
2025-03-06,2330,49318590,49937586396,1020.0,1025.0,1005.0,1005.0,-15.0,99898
2025-03-07,2330,50358724,50550677397,1005.0,1010.0,1000.0,1005.0,0.0,95905
2025-03-10,2330,55410836,55278923810,1005.0,1005.0,992.0,998.0,-7.0,189791
2025-03-11,2330,58764791,57064143987,969.0,979.0,963.0,971.0,-27.0,323403
2025-03-12,2330,38527201,37951553847,980.0,995.0,976.0,988.0,17.0,132537
2025-03-13,2330,42915696,42199819801,1000.0,1005.0,965.0,965.0,-23.0,192169
2025-03-14,2330,42394920,40803705615,965.0,969.0,955.0,959.0,-6.0,163735
2025-03-17,2330,35012870,34177107575,977.0,985.0,968.0,970.0,11.0,77808
2025-03-18,2330,25716157,24986151171,976.0,978.0,968.0,971.0,0.0,64687
2025-03-19,2330,43493556,41620146409,965.0,967.0,950.0,952.0,-19.0,234877
2025-03-20,2330,31993556,31303215198,978.0,985.0,971.0,985.0,33.0,61507
2025-03-21,2330,46869716,45683124466,985.0,987.0,970.0,972.0,-13.0,63137
2025-03-24,2330,16866075,16480791636,986.0,987.0,972.0,972.0,0.0,37815
2025-03-25,2330,28306040,28011143558,989.0,995.0,985.0,990.0,18.0,58257
2025-03-26,2330,25939071,25540092915,995.0,995.0,980.0,980.0,-10.0,41985
2025-03-27,2330,44589770,42834147980,961.0,964.0,958.0,958.0,-22.0,170110
2025-03-28,2330,37802947,35917004376,946.0,955.0,946.0,952.0,-6.0,135642
2025-03-31,2330,59733510,54820217557,920.0,924.0,910.0,910.0,-42.0,301446
2025-04-01,2330,33673400,31491275577,929.0,946.0,925.0,944.0,34.0,73772
2025-04-02,2330,28201820,26641223575,949.0,952.0,938.0,942.0,-2.0,61150
2025-04-07,2330,37652704,32012146992,848.0,848.0,848.0,848.0,-94.0,219438
2025-04-08,2330,136580582,111279830476,797.0,843.0,797.0,816.0,-32.0,425666
2025-04-09,2330,122044966,97865587721,809.0,826.0,780.0,785.0,-31.0,518687
2025-04-10,2330,28397160,24506749080,863.0,863.0,863.0,863.0,78.0,32126
2025-04-11,2330,81264878,70338979303,848.0,889.0,836.0,889.0,26.0,188545
2025-04-14,2330,72625129,64302226102,895.0,903.0,865.0,865.0,-24.0,243019
2025-04-15,2330,35642588,31178394103,874.0,879.0,865.0,877.0,12.0,66577
2025-04-16,2330,47199014,40541996319,867.0,869.0,852.0,855.0,-22.0,178095
2025-04-17,2330,36449601,30955774323,849.0,856.0,842.0,847.0,-8.0,104874
2025-04-18,2330,23249139,19831869687,853.0,858.0,850.0,850.0,3.0,68176
2025-04-21,2330,20672773,17304529560,844.0,847.0,832.0,835.0,-15.0,104189
2025-04-22,2330,32057642,26346742317,826.0,829.0,816.0,816.0,-19.0,133084
2025-04-23,2330,40685613,34980602995,853.0,873.0,848.0,873.0,57.0,78430
2025-04-24,2330,34499991,30099254355,886.0,886.0,859.0,864.0,-9.0,60744
2025-04-25,2330,39651775,35411585995,900.0,901.0,886.0,888.0,24.0,76758
2025-04-28,2330,25396543,22758357535,898.0,898.0,893.0,897.0,9.0,43185
2025-04-29,2330,31146996,27990673396,897.0,902.0,893.0,902.0,5.0,45912
2025-04-30,2330,39204833,35471028626,901.0,908.0,899.0,908.0,6.0,46388
2025-05-02,2330,48129292,45206565214,938.0,950.0,932.0,950.0,42.0,99509
2025-05-05,2330,56516129,53055259965,956.0,957.0,923.0,938.0,-12.0,93285
2025-05-06,2330,43358708,40011158770,916.0,930.0,916.0,920.0,-18.0,74918
2025-05-07,2330,39021595,36011806469,925.0,932.0,911.0,928.0,8.0,50267
2025-05-08,2330,30777988,28602519292,933.0,939.0,918.0,918.0,-10.0,39133
2025-05-09,2330,40878730,38557125038,938.0,949.0,934.0,949.0,31.0,68630
2025-05-12,2330,25668469,24554284001,954.0,962.0,952.0,957.0,8.0,44647
2025-05-13,2330,50960522,49747284080,990.0,990.0,969.0,969.0,12.0,72252
2025-05-14,2330,55061671,54697821594,990.0,999.0,988.0,999.0,30.0,105868
2025-05-15,2330,28518212,28422046465,1000.0,1000.0,993.0,993.0,-6.0,50265
2025-05-16,2330,18079325,17966857712,991.0,998.0,989.0,998.0,5.0,36183
2025-05-19,2330,21936885,21653317847,993.0,994.0,980.0,984.0,-14.0,68821
2025-05-20,2330,24317788,23922516474,991.0,994.0,978.0,978.0,-6.0,46215
2025-05-21,2330,27677478,27418826043,986.0,999.0,983.0,990.0,12.0,47842
2025-05-22,2330,19671417,19321581490,988.0,988.0,979.0,982.0,-8.0,41571
2025-05-23,2330,23744132,23343468899,993.0,993.0,975.0,984.0,2.0,46204
2025-05-26,2330,20906797,20460682166,975.0,984.0,975.0,976.0,-8.0,31349
2025-05-27,2330,29843876,28842510221,971.0,975.0,961.0,965.0,-11.0,86318
2025-05-28,2330,31929816,31118692765,984.0,985.0,967.0,967.0,2.0,37776
2025-05-29,2330,64850290,62982593605,986.0,986.0,967.0,967.0,0.0,36958
2025-06-02,2330,40608468,38643155297,958.0,961.0,946.0,946.0,-21.0,125245
2025-06-03,2330,27482916,26302041072,960.0,965.0,950.0,950.0,4.0,43550
2025-06-04,2330,43196396,42419360833,974.0,990.0,970.0,990.0,40.0,73539
2025-06-05,2330,27047750,26936792104,1000.0,1000.0,991.0,998.0,8.0,51309
2025-06-06,2330,18797346,18688985614,997.0,997.0,991.0,995.0,-3.0,27283
2025-06-09,2330,23952041,24100014375,1005.0,1010.0,1000.0,1005.0,10.0,56903
2025-06-10,2330,55353908,57406744645,1025.0,1050.0,1020.0,1045.0,40.0,138656
2025-06-11,2330,46137188,48960267029,1065.0,1070.0,1055.0,1065.0,20.0,75830
2025-06-12,2330,28661875,30064888046,1055.0,1060.0,1045.0,1045.0,0.0,40293
2025-06-13,2330,31371948,32434779823,1040.0,1040.0,1025.0,1030.0,-15.0,40938
2025-06-16,2330,31257555,31982385770,1030.0,1030.0,1015.0,1025.0,-5.0,38583
2025-06-17,2330,30890431,32183667155,1040.0,1050.0,1035.0,1045.0,20.0,30757
2025-06-18,2330,41740374,43722320684,1040.0,1055.0,1030.0,1055.0,10.0,45620
2025-06-19,2330,25354905,26287507815,1045.0,1045.0,1030.0,1035.0,-20.0,31893
2025-06-20,2330,67241164,70461692958,1030.0,1055.0,1025.0,1055.0,20.0,33114
2025-06-23,2330,33543038,34292190910,1025.0,1030.0,1015.0,1020.0,-35.0,56849
2025-06-24,2330,30105394,31487543196,1045.0,1050.0,1040.0,1050.0,30.0,33323
2025-06-25,2330,44519173,47370306720,1060.0,1070.0,1055.0,1070.0,20.0,75075
2025-06-26,2330,39534708,42448279645,1075.0,1080.0,1065.0,1075.0,5.0,50326
2025-06-27,2330,34877892,37353695324,1070.0,1080.0,1060.0,1080.0,5.0,38535
2025-06-30,2330,35763093,38268458555,1075.0,1080.0,1060.0,1060.0,-20.0,39464
2025-07-01,2330,52818889,57235426744,1080.0,1095.0,1075.0,1085.0,25.0,68934
2025-07-02,2330,24453697,26349711755,1075.0,1085.0,1070.0,1085.0,0.0,26005
2025-07-03,2330,39719503,43590599965,1105.0,1105.0,1090.0,1090.0,5.0,52136
2025-07-04,2330,23556842,25635862115,1095.0,1100.0,1080.0,1085.0,-5.0,33003
2025-07-07,2330,19949311,21467492525,1080.0,1085.0,1070.0,1080.0,-5.0,29161
2025-07-08,2330,29944918,32081882384,1070.0,1080.0,1065.0,1080.0,0.0,37874
2025-07-09,2330,25899845,27998741278,1070.0,1090.0,1065.0,1090.0,10.0,30492
2025-07-10,2330,23947482,26242095552,1095.0,1100.0,1090.0,1100.0,10.0,34427
2025-07-11,2330,30615792,33607768195,1095.0,1100.0,1090.0,1100.0,0.0,30851
2025-07-14,2330,29975913,32777573059,1100.0,1100.0,1085.0,1095.0,-5.0,29965
2025-07-15,2330,49458466,54619049312,1095.0,1115.0,1090.0,1110.0,15.0,62368
2025-07-16,2330,34513639,38866594123,1120.0,1130.0,1120.0,1130.0,20.0,65168
2025-07-17,2330,36971364,41632558135,1130.0,1135.0,1115.0,1130.0,0.0,41463
2025-07-18,2330,50467755,58221053093,1155.0,1160.0,1145.0,1155.0,25.0,70457
2025-07-21,2330,32374260,37068540960,1145.0,1150.0,1135.0,1150.0,-5.0,39350
2025-07-22,2330,54933274,62867010181,1145.0,1160.0,1130.0,1130.0,-20.0,59679
2025-07-23,2330,31360184,35765717715,1140.0,1145.0,1135.0,1145.0,15.0,32586
2025-07-24,2330,16038287,18400221444,1150.0,1155.0,1145.0,1145.0,0.0,19186
2025-07-25,2330,23026843,26418536660,1150.0,1155.0,1140.0,1145.0,0.0,25178
2025-07-28,2330,23153187,26593770396,1155.0,1160.0,1145.0,1145.0,0.0,24043
2025-07-29,2330,41471548,47077846101,1145.0,1145.0,1125.0,1135.0,-10.0,43297
2025-07-30,2330,37445435,43115792626,1150.0,1160.0,1145.0,1155.0,20.0,42479
2025-07-31,2330,35986507,41712508468,1160.0,1165.0,1155.0,1160.0,5.0,50361
2025-08-01,2330,45352225,51714816380,1145.0,1150.0,1130.0,1140.0,-20.0,76135
2025-08-04,2330,25256974,28532556011,1130.0,1135.0,1125.0,1135.0,-5.0,47206
2025-08-05,2330,20695955,23713307116,1145.0,1150.0,1140.0,1150.0,15.0,24124
2025-08-06,2330,24015506,27066744255,1130.0,1135.0,1125.0,1125.0,-25.0,55936
2025-08-07,2330,64965686,76081290909,1160.0,1180.0,1155.0,1180.0,55.0,98335
2025-08-08,2330,27434505,32303933490,1180.0,1185.0,1170.0,1175.0,-5.0,43558
2025-08-11,2330,37435809,44247026887,1170.0,1195.0,1165.0,1180.0,5.0,53135
2025-08-12,2330,30137118,35563421901,1180.0,1190.0,1170.0,1180.0,0.0,37189
2025-08-13,2330,39708109,47367251520,1185.0,1200.0,1185.0,1200.0,20.0,58632
2025-08-14,2330,35269337,41625421848,1185.0,1190.0,1175.0,1175.0,-25.0,55678
2025-08-15,2330,23577178,27782518177,1175.0,1185.0,1170.0,1180.0,5.0,31039
2025-08-18,2330,21182611,24952978606,1170.0,1185.0,1170.0,1180.0,0.0,29158
2025-08-19,2330,22439999,26543054769,1180.0,1185.0,1175.0,1185.0,5.0,19138
2025-08-20,2330,73148689,84039496961,1165.0,1165.0,1135.0,1135.0,-50.0,201335
2025-08-21,2330,25030476,28695638720,1140.0,1155.0,1140.0,1150.0,15.0,39170
2025-08-22,2330,20220071,23147345045,1155.0,1155.0,1135.0,1135.0,-15.0,37292
2025-08-25,2330,27470807,32159334115,1165.0,1180.0,1160.0,1170.0,35.0,38754
2025-08-26,2330,39495275,46349348727,1165.0,1185.0,1160.0,1175.0,5.0,25751
2025-08-27,2330,23824689,28276839838,1190.0,1190.0,1180.0,1190.0,15.0,30477
2025-08-28,2330,20960787,24563005745,1185.0,1185.0,1160.0,1160.0,-30.0,36728
2025-08-29,2330,21820054,25485864558,1180.0,1185.0,1160.0,1160.0,0.0,25658
2025-09-01,2330,23022319,26647241918,1150.0,1165.0,1145.0,1165.0,5.0,41416
2025-09-02,2330,14994018,17436038175,1170.0,1175.0,1155.0,1160.0,-5.0,24784
2025-09-03,2330,20211322,23350634915,1155.0,1160.0,1145.0,1160.0,0.0,29992
2025-09-04,2330,25311450,29560102956,1170.0,1175.0,1160.0,1160.0,0.0,22577
2025-09-05,2330,27931124,32835192457,1175.0,1180.0,1170.0,1180.0,20.0,24609
2025-09-08,2330,28393035,33731539720,1195.0,1195.0,1180.0,1180.0,0.0,35672
2025-09-09,2330,35720097,42775822699,1195.0,1200.0,1190.0,1200.0,20.0,46420
2025-09-10,2330,43516678,53209559355,1220.0,1230.0,1215.0,1225.0,25.0,82407
2025-09-11,2330,34811140,43495621610,1255.0,1260.0,1235.0,1240.0,15.0,68103
2025-09-12,2330,28224895,35417505350,1255.0,1260.0,1250.0,1260.0,20.0,49823
2025-09-15,2330,26019117,32646870966,1260.0,1260.0,1250.0,1255.0,-5.0,34329
2025-09-16,2330,42279997,53953521005,1265.0,1285.0,1260.0,1280.0,0.0,69019
2025-09-17,2330,32019276,40619705144,1270.0,1275.0,1265.0,1265.0,-15.0,43783
2025-09-18,2330,26442220,33782903646,1275.0,1285.0,1265.0,1285.0,20.0,32050
2025-09-19,2330,48894096,62155805270,1285.0,1290.0,1265.0,1265.0,-20.0,45216
2025-09-22,2330,30411595,39134679853,1270.0,1295.0,1270.0,1295.0,30.0,45424
2025-09-23,2330,37523254,49887403390,1320.0,1340.0,1315.0,1340.0,45.0,84161
2025-09-24,2330,47820358,64029838375,1350.0,1355.0,1325.0,1340.0,0.0,86987
2025-09-25,2330,27800815,36807736035,1320.0,1330.0,1320.0,1320.0,-20.0,51802
2025-09-26,2330,29378983,38254039082,1310.0,1315.0,1295.0,1300.0,-20.0,103337
2025-09-30,2330,44853467,58790965499,1310.0,1320.0,1305.0,1305.0,5.0,44278
2025-10-01,2330,36184828,48288398204,1325.0,1350.0,1325.0,1325.0,20.0,47879
2025-10-02,2330,32693509,44593995225,1360.0,1370.0,1355.0,1365.0,40.0,61282
2025-10-03,2330,34379158,47632272752,1365.0,1400.0,1365.0,1400.0,35.0,72813
2025-10-07,2330,42424519,60729023099,1420.0,1445.0,1420.0,1435.0,35.0,93554
2025-10-08,2330,27708676,39151506624,1410.0,1420.0,1405.0,1415.0,-20.0,89683
2025-10-09,2330,42507551,61324929553,1440.0,1455.0,1430.0,1440.0,25.0,76865
2025-10-13,2330,60321869,84889085424,1390.0,1420.0,1390.0,1415.0,-25.0,196489
2025-10-14,2330,44821332,64625249986,1455.0,1460.0,1420.0,1425.0,10.0,95057
2025-10-15,2330,45432176,65812420573,1435.0,1465.0,1425.0,1465.0,40.0,64888
2025-10-16,2330,42490828,62810575702,1465.0,1495.0,1465.0,1485.0,20.0,85709
2025-10-17,2330,43864962,63869792469,1455.0,1465.0,1450.0,1450.0,-35.0,145330
2025-10-20,2330,34972122,51667454455,1460.0,1495.0,1455.0,1480.0,30.0,58105
2025-10-21,2330,37067269,55189404010,1485.0,1500.0,1480.0,1480.0,0.0,72080
2025-10-22,2330,30679057,44813844075,1460.0,1470.0,1455.0,1460.0,-20.0,118929
2025-10-23,2330,26134949,37826608364,1440.0,1455.0,1435.0,1450.0,-10.0,76976
2025-10-27,2330,36024098,53691483433,1500.0,1500.0,1480.0,1480.0,30.0,55954
2025-10-28,2330,35135504,51949405737,1480.0,1490.0,1470.0,1475.0,-5.0,61044
2025-10-29,2330,32775105,49265956549,1495.0,1515.0,1490.0,1505.0,30.0,62605
2025-10-30,2330,30058497,45379071459,1515.0,1520.0,1500.0,1505.0,0.0,62893
2025-10-31,2330,33838761,51073519270,1515.0,1525.0,1500.0,1500.0,-5.0,45696
2025-11-03,2330,30913479,46512471060,1510.0,1520.0,1490.0,1510.0,10.0,71467
2025-11-04,2330,35922791,54169421541,1520.0,1525.0,1495.0,1505.0,-5.0,70678
2025-11-05,2330,63423241,93109323845,1480.0,1485.0,1455.0,1460.0,-45.0,248089
2025-11-06,2330,29955147,44104541986,1470.0,1480.0,1465.0,1465.0,5.0,74015
2025-11-07,2330,23551721,34382089105,1460.0,1465.0,1455.0,1460.0,-5.0,78941
2025-11-10,2330,26579263,39203254959,1470.0,1485.0,1465.0,1475.0,15.0,44799
2025-11-11,2330,24857058,36769705255,1490.0,1495.0,1465.0,1465.0,-10.0,67666
2025-11-12,2330,25998385,38344962465,1470.0,1485.0,1460.0,1475.0,10.0,38420
2025-11-13,2330,23920639,35016372835,1460.0,1470.0,1460.0,1460.0,-15.0,73841
2025-11-14,2330,32778804,46933830385,1425.0,1440.0,1425.0,1430.0,-30.0,216630
2025-11-17,2330,34872653,50497384300,1450.0,1460.0,1445.0,1445.0,15.0,52588
2025-11-18,2330,49856799,70572614780,1435.0,1435.0,1405.0,1405.0,-40.0,272962
2025-11-19,2330,42661060,59869558425,1400.0,1415.0,1395.0,1395.0,-10.0,109706
2025-11-20,2330,28295025,41079763730,1450.0,1460.0,1440.0,1455.0,60.0,54456
2025-11-21,2330,64673494,90158936045,1395.0,1405.0,1385.0,1385.0,-70.0,347100
2025-11-24,2330,88861648,122824394320,1400.0,1405.0,1375.0,1375.0,-10.0,142090
2025-11-25,2330,31006765,43841816781,1425.0,1425.0,1405.0,1415.0,40.0,50628
2025-11-26,2330,31659935,45354786526,1430.0,1440.0,1425.0,1440.0,25.0,47642
2025-11-27,2330,24202285,34888318204,1450.0,1455.0,1430.0,1435.0,-5.0,47132
2025-11-28,2330,26130506,37773913469,1440.0,1455.0,1435.0,1440.0,5.0,38594
2025-12-01,2330,33722188,47998505254,1445.0,1445.0,1410.0,1410.0,-30.0,102798
2025-12-02,2330,27923064,39916596995,1430.0,1440.0,1420.0,1430.0,20.0,34886
2025-12-03,2330,25462840,36775822053,1440.0,1450.0,1435.0,1450.0,20.0,32546
2025-12-04,2330,21934952,31600541870,1445.0,1450.0,1430.0,1445.0,-5.0,44721
2025-12-05,2330,22539737,32677962256,1445.0,1460.0,1440.0,1460.0,15.0,35327
2025-12-08,2330,27405663,40634878504,1465.0,1495.0,1460.0,1495.0,35.0,65198
2025-12-09,2330,27555343,40931363559,1495.0,1500.0,1480.0,1480.0,-15.0,47501
2025-12-10,2330,26387641,39493603134,1490.0,1505.0,1485.0,1505.0,25.0,53469
2025-12-11,2330,31820417,47234941277,1510.0,1515.0,1465.0,1470.0,0.0,107208
2025-12-12,2330,24025183,35489107425,1475.0,1485.0,1470.0,1480.0,10.0,41662
2025-12-15,2330,28160888,40860472555,1450.0,1455.0,1445.0,1450.0,-30.0,92871
2025-12-16,2330,36751412,52683827934,1435.0,1445.0,1425.0,1435.0,-15.0,151564
2025-12-17,2330,33103549,47488282612,1435.0,1445.0,1425.0,1430.0,-5.0,81434
2025-12-18,2330,33103697,47179906765,1420.0,1435.0,1415.0,1430.0,0.0,74330
2025-12-19,2330,42614140,61256957568,1455.0,1455.0,1430.0,1430.0,0.0,46795
2025-12-22,2330,23919483,34974497115,1465.0,1470.0,1455.0,1465.0,35.0,38482
2025-12-23,2330,22337117,33151333901,1475.0,1490.0,1470.0,1490.0,25.0,50811
2025-12-24,2330,13707427,20441056275,1495.0,1500.0,1485.0,1495.0,5.0,35055
2025-12-26,2330,20806344,31326715665,1505.0,1510.0,1495.0,1510.0,15.0,57478
2025-12-29,2330,24010398,36576386420,1515.0,1530.0,1510.0,1530.0,20.0,68156
2025-12-30,2330,21819219,33198645416,1515.0,1530.0,1510.0,1520.0,-10.0,44833
2025-12-31,2330,31389568,48402721875,1520.0,1550.0,1515.0,1550.0,30.0,60286
2026-01-02,2330,39836425,62469965712,1555.0,1585.0,1545.0,1585.0,35.0,77972
2026-01-05,2330,76182999,126883687153,1630.0,1695.0,1625.0,1670.0,85.0,160941
2026-01-06,2330,54073389,90850194276,1645.0,1705.0,1645.0,1705.0,35.0,92450
2026-01-07,2330,54807595,91717350741,1665.0,1685.0,1665.0,1675.0,-30.0,158678
2026-01-08,2330,31485749,52977674570,1660.0,1700.0,1655.0,1685.0,10.0,67709
2026-01-09,2330,42191307,70809011639,1665.0,1700.0,1655.0,1680.0,-5.0,89313
2026-01-12,2330,34556660,58621235802,1700.0,1705.0,1690.0,1690.0,10.0,63935
2026-01-13,2330,34064122,58268432955,1720.0,1720.0,1700.0,1710.0,20.0,72906
2026-01-14,2330,33253803,56791719787,1705.0,1715.0,1700.0,1710.0,0.0,79342
2026-01-15,2330,41703827,70435079598,1685.0,1700.0,1680.0,1690.0,-20.0,135119
2026-01-16,2330,58108842,100655531778,1735.0,1750.0,1710.0,1740.0,50.0,118971
2026-01-19,2330,32242493,56290961765,1725.0,1780.0,1725.0,1760.0,20.0,95399
2026-01-20,2330,32687106,57524295396,1740.0,1775.0,1740.0,1775.0,15.0,78992
2026-01-21,2330,50745376,88675053916,1745.0,1765.0,1740.0,1740.0,-35.0,186450
2026-01-22,2330,34437982,60653857784,1765.0,1770.0,1750.0,1760.0,20.0,67515
2026-01-23,2330,29676301,52422945816,1770.0,1775.0,1750.0,1770.0,10.0,58140
2026-01-26,2330,25989274,45904955646,1765.0,1785.0,1755.0,1755.0,-15.0,104429
2026-01-27,2330,32183611,57062828515,1760.0,1785.0,1755.0,1780.0,25.0,59863
2026-01-28,2330,31327933,56586009010,1790.0,1820.0,1790.0,1820.0,40.0,79936
2026-01-29,2330,36079326,65452000580,1830.0,1835.0,1800.0,1805.0,-15.0,112652
2026-01-30,2330,46341867,82692717518,1790.0,1800.0,1775.0,1775.0,-30.0,155495
2026-02-02,2330,33342359,58467099660,1750.0,1765.0,1745.0,1765.0,-10.0,227693
2026-02-03,2330,30386718,54587495232,1810.0,1810.0,1785.0,1800.0,35.0,63370
2026-02-04,2330,29087857,51994350134,1785.0,1805.0,1775.0,1785.0,-15.0,89612
2026-02-05,2330,28974303,51204573629,1765.0,1780.0,1760.0,1765.0,-20.0,119686
2026-02-06,2330,36484181,64250417914,1745.0,1780.0,1740.0,1780.0,15.0,117607
2026-02-09,2330,40350444,73691322355,1830.0,1835.0,1815.0,1815.0,35.0,80215
2026-02-10,2330,45674475,85190057142,1845.0,1880.0,1840.0,1880.0,65.0,102694
2026-02-11,2330,44684131,85272506875,1880.0,1925.0,1875.0,1915.0,35.0,150409
2026-02-23,2330,80768993,154476054854,1900.0,1935.0,1900.0,1900.0,-15.0,209838
2026-02-24,2330,44316733,86410656276,1915.0,1975.0,1915.0,1965.0,65.0,99586
2026-02-25,2330,47398835,95168256834,1995.0,2025.0,1995.0,2015.0,50.0,145278
2026-02-26,2330,74411249,148677652002,2000.0,2010.0,1995.0,1995.0,-20.0,199342
2026-03-02,2330,57404594,113190016272,1940.0,1995.0,1940.0,1975.0,-20.0,325611
2026-03-03,2330,54577298,106561209060,1970.0,1980.0,1935.0,1935.0,-40.0,528433
2026-03-04,2330,84647010,159499070920,1895.0,1910.0,1865.0,1865.0,-70.0,728396
2026-03-05,2330,56489914,108468004433,1940.0,1960.0,1895.0,1900.0,35.0,235975
2026-03-06,2330,34307388,64781776164,1880.0,1900.0,1880.0,1890.0,-10.0,202376
2026-03-09,2330,94441296,169437885289,1775.0,1810.0,1770.0,1810.0,-80.0,744799
2026-03-10,2330,46926862,87458820143,1870.0,1890.0,1830.0,1850.0,40.0,234136
2026-03-11,2330,39238328,75243103048,1885.0,1950.0,1875.0,1940.0,90.0,124214
2026-03-12,2330,40662382,77082966123,1900.0,1915.0,1885.0,1885.0,-55.0,236370
2026-03-13,2330,36317450,67622758569,1840.0,1885.0,1840.0,1865.0,-20.0,223622
2026-03-16,2330,35401289,65728459791,1875.0,1880.0,1845.0,1845.0,-20.0,221249
2026-03-17,2330,26754183,50039306073,1875.0,1880.0,1860.0,1870.0,0.0,81783
2026-03-18,2330,25694925,48868043836,1900.0,1910.0,1890.0,1905.0,35.0,77134
2026-03-19,2330,38750629,72170579700,1875.0,1880.0,1850.0,1850.0,-55.0,386193
2026-03-20,2330,53705722,99109745990,1860.0,1870.0,1840.0,1840.0,-10.0,208042
2026-03-23,2330,41950478,75569592075,1790.0,1815.0,1785.0,1810.0,-30.0,360785
2026-03-24,2330,30569936,55773861470,1850.0,1850.0,1800.0,1810.0,0.0,125816
2026-03-25,2330,46664345,86692213662,1865.0,1875.0,1845.0,1845.0,35.0,92102
2026-03-26,2330,24634887,45564939400,1850.0,1865.0,1840.0,1840.0,-5.0,81572
2026-03-27,2330,33883223,61384010665,1805.0,1825.0,1800.0,1820.0,-20.0,165562
2026-03-30,2330,46272405,82684350734,1780.0,1800.0,1780.0,1780.0,-40.0,335778
2026-03-31,2330,75832456,134202434218,1775.0,1790.0,1760.0,1760.0,-20.0,472213
2026-04-01,2330,46457423,85667372522,1840.0,1855.0,1830.0,1855.0,95.0,103263
2026-04-02,2330,29332490,53540295381,1865.0,1865.0,1805.0,1810.0,-45.0,189628
2026-04-07,2330,19895445,36785851775,1850.0,1860.0,1835.0,1860.0,50.0,72329
2026-04-08,2330,53813263,104453237705,1935.0,1950.0,1925.0,1950.0,90.0,169595
2026-04-09,2330,36054784,70112621815,1945.0,1955.0,1930.0,1955.0,5.0,90439
2026-04-10,2330,39096242,77669362959,1975.0,2000.0,1970.0,2000.0,45.0,125121
2026-04-13,2330,31882568,63311620986,1985.0,1995.0,1975.0,1990.0,-10.0,123461
2026-04-14,2330,46188401,93890695630,2015.0,2055.0,2010.0,2055.0,65.0,175477
2026-04-15,2330,46824833,97435290780,2065.0,2100.0,2060.0,2080.0,25.0,144126
2026-04-16,2330,35974352,74662997629,2080.0,2090.0,2055.0,2085.0,5.0,121077
2026-04-17,2330,44433257,90757552556,2055.0,2060.0,2030.0,2030.0,-55.0,254377
2026-04-20,2330,30566172,62379639275,2030.0,2055.0,2025.0,2025.0,-5.0,99020
2026-04-21,2330,28055761,57761069758,2050.0,2075.0,2045.0,2050.0,25.0,75235
2026-04-22,2330,27457065,56435407734,2045.0,2070.0,2040.0,2050.0,0.0,83438
2026-04-23,2330,54918117,114822791851,2090.0,2135.0,2055.0,2080.0,30.0,161370
2026-04-24,2330,52391785,112917570260,2110.0,2190.0,2105.0,2185.0,105.0,174859
2026-04-27,2330,79778277,183309899207,2280.0,2330.0,2265.0,2265.0,80.0,323994
2026-04-28,2330,57336004,128432565716,2245.0,2280.0,2215.0,2215.0,-50.0,308514
2026-04-29,2330,49147402,107324137160,2175.0,2210.0,2165.0,2180.0,-35.0,233692
2026-04-30,2330,59584011,129082703075,2205.0,2215.0,2135.0,2135.0,-45.0,290470
2026-05-04,2330,44458732,99944198300,2200.0,2285.0,2195.0,2275.0,140.0,129173
2026-05-05,2330,26644983,60009590420,2250.0,2270.0,2240.0,2250.0,-25.0,153870
2026-05-06,2330,38026963,85874042414,2250.0,2285.0,2240.0,2250.0,0.0,125342
2026-05-07,2330,41966283,97374950118,2335.0,2345.0,2310.0,2310.0,60.0,127355
2026-05-08,2330,31730352,72760055995,2300.0,2310.0,2265.0,2290.0,-20.0,153342
2026-05-11,2330,46172626,104025934565,2265.0,2275.0,2235.0,2235.0,-55.0,377408
2026-05-12,2330,54239538,121891443938,2235.0,2280.0,2210.0,2255.0,20.0,183443
2026-05-13,2330,43727683,96933847961,2205.0,2240.0,2205.0,2220.0,-35.0,259489
2026-05-14,2330,39564699,89220307307,2250.0,2270.0,2230.0,2270.0,50.0,83872
2026-05-15,2330,34360513,78454021723,2310.0,2325.0,2250.0,2265.0,-5.0,129447
2026-05-18,2330,32966937,73654895962,2225.0,2260.0,2215.0,2240.0,-25.0,146159
2026-05-19,2330,45585931,100876592734,2220.0,2230.0,2205.0,2205.0,-35.0,277760
2026-05-20,2330,38332945,84197244281,2205.0,2210.0,2185.0,2185.0,-20.0,233768
2026-05-21,2330,24929331,55826019099,2240.0,2255.0,2230.0,2230.0,45.0,75045
2026-05-22,2330,26823133,60188140377,2245.0,2260.0,2225.0,2255.0,25.0,95365
2026-05-25,2330,28250944,64901118325,2275.0,2310.0,2275.0,2310.0,55.0,120043
2026-05-26,2330,32781470,75166410300,2320.0,2325.0,2270.0,2270.0,-40.0,203876
2026-05-27,2330,40272350,93104987424,2310.0,2330.0,2290.0,2300.0,30.0,124314
2026-05-28,2330,42313277,98017950283,2350.0,2360.0,2270.0,2295.0,-5.0,208403
2026-05-29,2330,104783831,246787941206,2340.0,2375.0,2330.0,2355.0,60.0,127095
2026-06-01,2330,60942792,144105259583,2355.0,2415.0,2350.0,2355.0,0.0,136367
2026-06-02,2330,41532527,98885005900,2390.0,2400.0,2360.0,2380.0,25.0,99496
2026-06-03,2330,29219904,70861766012,2425.0,2440.0,2410.0,2425.0,45.0,89415
2026-06-04,2330,32542948,77931338144,2385.0,2415.0,2385.0,2385.0,-40.0,196886
2026-06-05,2330,43403895,102970368110,2395.0,2405.0,2350.0,2365.0,-20.0,364351
2026-06-08,2330,52273858,119557290165,2230.0,2320.0,2230.0,2295.0,-70.0,436256
2026-06-09,2330,38847544,89604249837,2305.0,2320.0,2295.0,2305.0,10.0,156384
2026-06-10,2330,54194021,123146622990,2285.0,2300.0,2255.0,2255.0,-50.0,510491
2026-06-11,2330,46417523,104091484739,2240.0,2260.0,2210.0,2250.0,0.0,320151
2026-06-12,2330,26306885,60666936905,2325.0,2325.0,2290.0,2310.0,60.0,77219
2026-06-15,2330,30228535,71454258620,2360.0,2375.0,2345.0,2375.0,65.0,96307
2026-06-16,2330,37145708,88421095704,2375.0,2400.0,2350.0,2400.0,25.0,99659
2026-06-17,2330,30059393,71151958866,2355.0,2385.0,2350.0,2385.0,-15.0,143625
2026-06-18,2330,49982610,120198889493,2395.0,2415.0,2385.0,2410.0,25.0,103190
2026-06-22,2330,45207883,112735082698,2455.0,2510.0,2455.0,2510.0,100.0,159770
2026-06-23,2330,39537895,99064704659,2510.0,2535.0,2490.0,2490.0,-20.0,148609
2026-06-24,2330,67304477,162505741547,2435.0,2445.0,2390.0,2390.0,-100.0,527599
2026-06-25,2330,41099957,98673938497,2410.0,2420.0,2390.0,2390.0,0.0,132387
2026-06-26,2330,53800344,126177715258,2360.0,2370.0,2325.0,2340.0,-50.0,464927
2026-06-29,2330,38133782,90337385683,2330.0,2395.0,2330.0,2370.0,30.0,93276
2026-06-30,2330,49540227,120516271220,2440.0,2475.0,2410.0,2410.0,40.0,104582
2026-07-01,2330,37544470,93600076825,2495.0,2505.0,2475.0,2505.0,95.0,111091
2026-07-02,2330,35919290,88369879773,2450.0,2480.0,2445.0,2465.0,-40.0,132697
2026-07-03,2330,32905868,80082636340,2415.0,2465.0,2415.0,2445.0,-20.0,154750
2026-07-06,2330,21041918,52022654454,2465.0,2500.0,2455.0,2460.0,15.0,80246
2026-07-07,2330,31400854,77617188273,2480.0,2500.0,2440.0,2440.0,-20.0,132943
2026-07-08,2330,25519599,62400639776,2445.0,2465.0,2420.0,2465.0,25.0,94688
2026-07-09,2330,34681018,84397735035,2450.0,2460.0,2415.0,2415.0,-50.0,201698
2026-07-13,2330,35310380,86697387632,2460.0,2480.0,2440.0,2440.0,25.0,94215
2026-07-14,2330,42857055,103370532441,2410.0,2430.0,2390.0,2420.0,-20.0,275423
2026-07-15,2330,33665566,82213791038,2425.0,2460.0,2415.0,2440.0,20.0,79059
2026-07-16,2330,30538604,74750491934,2430.0,2470.0,2420.0,2470.0,30.0,97957
2026-07-17,2330,97362670,229051751965,2375.0,2395.0,2290.0,2290.0,-180.0,1150086
2026-07-20,2330,55790346,129815956839,2300.0,2345.0,2300.0,2320.0,30.0,188463
2026-07-21,2330,31605663,75429747048,2350.0,2410.0,2345.0,2410.0,90.0,88066
2026-07-22,2330,31653123,76206482625,2440.0,2445.0,2385.0,2400.0,-10.0,136194
2026-07-23,2330,28001492,66833713878,2385.0,2405.0,2370.0,2405.0,5.0,142112
2026-07-24,2330,24810509,58407263735,2355.0,2365.0,2345.0,2350.0,-55.0,195859
2026-07-27,2330,28939466,67885214772,2330.0,2365.0,2330.0,2350.0,0.0,92753
2026-07-28,2330,45333029,103624205064,2270.0,2305.0,2270.0,2280.0,-70.0,463044
2026-07-29,2330,68139691,151551634905,2260.0,2280.0,2180.0,2200.0,-80.0,675528
2026-07-30,2330,51372177,114098819878,2205.0,2260.0,2190.0,2205.0,5.0,177492
2026-07-31,2330,69478145,166661984712,2350.0,2425.0,2345.0,2425.0,220.0,215037
2026-08-03,2330,35209944,83673350698,2390.0,2395.0,2365.0,2370.0,-55.0,174489
2026-08-04,2330,41021199,95455231293,2335.0,2360.0,2310.0,2320.0,-50.0,277787
2026-08-05,2330,36782301,88157683613,2385.0,2415.0,2370.0,2405.0,85.0,119876
2026-08-06,2330,25536816,60600738669,2395.0,2395.0,2360.0,2365.0,-40.0,89846
2026-08-07,2330,24414025,57947015347,2390.0,2395.0,2355.0,2370.0,5.0,64670
2026-08-10,2330,21498241,51385081395,2390.0,2410.0,2380.0,2380.0,10.0,67328
2026-08-11,2330,18247582,43667182348,2390.0,2405.0,2375.0,2395.0,15.0,50065
2026-08-12,2330,19448153,46798062170,2405.0,2415.0,2390.0,2415.0,20.0,63548
2026-08-13,2330,26233385,63854331391,2440.0,2445.0,2425.0,2435.0,20.0,73397
2026-08-14,2330,21162682,51159731253,2435.0,2440.0,2395.0,2395.0,-40.0,105889
2026-08-17,2330,13482456,32423014050,2410.0,2420.0,2390.0,2400.0,5.0,56197
2026-08-18,2330,19997213,47742904360,2415.0,2415.0,2375.0,2380.0,-20.0,102735
2026-08-19,2330,23618612,55394691541,2340.0,2355.0,2335.0,2350.0,-30.0,193704
2026-08-20,2330,16967737,40117420293,2365.0,2375.0,2350.0,2375.0,25.0,46361
2026-08-21,2330,18922480,45275662448,2375.0,2410.0,2365.0,2410.0,35.0,59539
2026-08-24,2330,13073210,31234578255,2410.0,2410.0,2375.0,2375.0,-35.0,84694
2026-08-25,2330,13538447,32130079305,2355.0,2400.0,2350.0,2400.0,25.0,57334
2026-08-26,2330,19467241,46818064372,2375.0,2425.0,2375.0,2415.0,15.0,67273
2026-08-27,2330,19214481,46545167227,2430.0,2435.0,2410.0,2410.0,-5.0,60122
2026-08-28,2330,15025832,36465015980,2440.0,2445.0,2410.0,2420.0,10.0,52492
2026-08-31,2330,32792740,78563954428,2395.0,2405.0,2375.0,2405.0,-15.0,106512
2026-09-01,2330,31855287,77463413685,2395.0,2440.0,2390.0,2440.0,35.0,65271
2026-09-02,2330,25151394,60261105308,2415.0,2420.0,2385.0,2385.0,-55.0,198779
2026-09-03,2330,14252351,34060580249,2385.0,2400.0,2380.0,2390.0,5.0,54232
2026-09-04,2330,14102018,33917316870,2415.0,2415.0,2390.0,2410.0,20.0,43438
2026-09-07,2330,26898329,65839464484,2435.0,2460.0,2430.0,2460.0,50.0,123981
2026-09-08,2330,28931697,71769230740,2465.0,2505.0,2460.0,2470.0,10.0,106768
2026-09-09,2330,17798845,44036354474,2480.0,2490.0,2460.0,2465.0,-5.0,65336
2026-09-10,2330,19835796,48523945987,2445.0,2455.0,2435.0,2450.0,-15.0,85691
2026-09-11,2330,21131357,51050141409,2430.0,2430.0,2405.0,2410.0,-40.0,164402
2026-09-14,2330,21520958,51353895701,2385.0,2395.0,2380.0,2380.0,-30.0,189734
2026-09-15,2330,15215752,36376152215,2405.0,2405.0,2380.0,2385.0,5.0,84331
2026-09-16,2330,20919285,49812874845,2375.0,2395.0,2375.0,2380.0,0.0,142588
2026-09-17,2330,18116974,43933226530,2405.0,2445.0,2400.0,2425.0,45.0,61567
2026-09-18,2330,40892688,100394074139,2460.0,2460.0,2435.0,2460.0,35.0,69571
